{"openapi":"3.0.0","info":{"title":"Node API Template","description":"Node API Template","version":"1.0","contact":{}},"tags":[{"name":"Node API","description":""}],"servers":[],"components":{"schemas":{"ReferDto":{"type":"object","properties":{"username":{"type":"string"},"userRole":{"type":"string"},"paging":{"type":"object"},"sortColumn":{"type":"array","items":{"type":"string"}}},"required":["username","userRole","paging","sortColumn"]},"PagingFilter":{"type":"object","properties":{"paging":{"type":"object"}},"required":["paging"]},"DbConfigDetails":{"type":"object","properties":{"oracleHostName":{"type":"string"},"oraclePort":{"type":"number"},"oracleServiceId":{"type":"string"},"oracleUserName":{"type":"string"},"oraclePassword":{"type":"string"},"oracleSchema":{"type":"string"},"dbType":{"type":"string"}},"required":["oracleHostName","oraclePort","oracleServiceId","oracleUserName","oraclePassword","oracleSchema","dbType"]},"TableRelationsDto":{"type":"object","properties":{"parentTable":{"type":"string"},"parentColumn":{"type":"string"},"childTable":{"type":"string"},"childColumn":{"type":"string"},"dbId":{"type":"string"}},"required":["parentTable","parentColumn","childTable","childColumn","dbId"]},"PagingData":{"type":"object","properties":{"pageNum":{"type":"number"},"limit":{"type":"number"}},"required":["pageNum","limit"]},"SelectedTablesDto":{"type":"object","properties":{"unique_parent":{"type":"array","items":{"type":"string"}},"unique_child":{"type":"array","items":{"type":"string"}},"intermediate":{"type":"array","items":{"type":"string"}}},"required":["unique_parent","unique_child","intermediate"]},"ScheduleDetails":{"type":"object","properties":{"scheduleId":{"type":"string"},"dbName":{"type":"string"},"cronExpression":{"type":"string"},"selectedTables":{"$ref":"#/components/schemas/SelectedTablesDto"}},"required":["scheduleId","dbName","cronExpression","selectedTables"]},"sortOptionsData":{"type":"object","properties":{"scheduleId":{"type":"number"},"dbName":{"type":"number"},"cronExpression":{"type":"number"},"selectedTables":{"type":"number"}},"required":["scheduleId","dbName","cronExpression","selectedTables"]},"ScheduleFilter":{"type":"object","properties":{"scheduleId":{"type":"string"},"dbName":{"type":"string"},"paging":{"$ref":"#/components/schemas/PagingData"},"sortOptions":{"$ref":"#/components/schemas/sortOptionsData"}},"required":["scheduleId","dbName","paging","sortOptions"]},"ScheduleUpdateDetails":{"type":"object","properties":{"dbName":{"type":"string"},"cronExpression":{"type":"string"},"selectedTables":{"$ref":"#/components/schemas/SelectedTablesDto"}},"required":["dbName","cronExpression","selectedTables"]}}},"paths":{"/":{"get":{"operationId":"getHello","responses":{"200":{"description":""}}}},"/sample":{"post":{"operationId":"sampleGetRequest","parameters":[],"requestBody":{"required":true,"content":{"application/json":{"schema":{"$ref":"#/components/schemas/ReferDto"}}}},"responses":{"201":{"description":""}}}},"/dbdetails/get":{"post":{"operationId":"getDbDetails","parameters":[],"requestBody":{"required":true,"content":{"application/json":{"schema":{"$ref":"#/components/schemas/PagingFilter"}}}},"responses":{"201":{"description":""}}}},"/dbdetails/insert":{"post":{"operationId":"postDbDetails","parameters":[],"requestBody":{"required":true,"content":{"application/json":{"schema":{"$ref":"#/components/schemas/DbConfigDetails"}}}},"responses":{"201":{"description":""}}}},"/dbdetails/update/{_id}":{"put":{"operationId":"putDbDetails","parameters":[{"name":"_id","required":true,"in":"path","schema":{"type":"string"}}],"requestBody":{"required":true,"content":{"application/json":{"schema":{"$ref":"#/components/schemas/DbConfigDetails"}}}},"responses":{"200":{"description":""}}}},"/dbdetails/delete/{_id}":{"delete":{"operationId":"deleteDbDetails","parameters":[{"name":"_id","required":true,"in":"path","schema":{"type":"string"}}],"responses":{"200":{"description":""}}}},"/dbdetails/download":{"get":{"operationId":"downloadDbDetails","responses":{"200":{"description":""}}}},"/relation/get/tablename/{_dbid}/{_tablename}/{_maxlimit}":{"get":{"operationId":"getTableNameSuggestion","parameters":[{"name":"_dbid","required":true,"in":"path","schema":{"type":"string"}},{"name":"_tablename","required":true,"in":"path","schema":{"type":"string"}},{"name":"_maxlimit","required":true,"in":"path","schema":{"type":"number"}}],"responses":{"200":{"description":""}},"tags":["relation"]}},"/relation/get/tabledata/{_dbid}/{_tablename}":{"get":{"operationId":"getTableData","parameters":[{"name":"_dbid","required":true,"in":"path","schema":{"type":"string"}},{"name":"_tablename","required":true,"in":"path","schema":{"type":"string"}}],"responses":{"200":{"description":""}},"tags":["relation"]}},"/relation/get/tablecolumns/{_dbid}/{_tablename}":{"get":{"operationId":"getTableColumnData","parameters":[{"name":"_dbid","required":true,"in":"path","schema":{"type":"string"}},{"name":"_tablename","required":true,"in":"path","schema":{"type":"string"}}],"responses":{"200":{"description":""}},"tags":["relation"]}},"/relation/get/tabledata/":{"get":{"operationId":"getAllTableData","responses":{"200":{"description":""}},"tags":["relation"]}},"/relation/direct/insertone/":{"post":{"operationId":"postTableRelationData","parameters":[],"requestBody":{"required":true,"content":{"application/json":{"schema":{"$ref":"#/components/schemas/TableRelationsDto"}}}},"responses":{"201":{"description":""}},"tags":["relation"]}},"/relation/direct/insertmany/":{"post":{"operationId":"postTableRelationsList","parameters":[],"requestBody":{"required":true,"content":{"application/json":{"schema":{"type":"array","items":{"type":"string"}}}}},"responses":{"201":{"description":""}},"tags":["relation"]}},"/relation/fileupload/insert/":{"post":{"operationId":"postTableRelationsDetails","parameters":[],"requestBody":{"required":true,"content":{"multipart/form-data":{"schema":{"type":"object","properties":{"file":{"type":"string","format":"binary"}}}}}},"responses":{"201":{"description":""}},"tags":["relation"]}},"/relation/dbdetials/list/":{"post":{"operationId":"getAllDBDetailsList","responses":{"201":{"description":""}},"tags":["relation"]}},"/schedules/fetchDBDetails":{"get":{"operationId":"fetchDBDetails","responses":{"200":{"description":""}},"tags":["schedules"]}},"/schedules/fetchTableList/{_dbId}":{"post":{"operationId":"fetchTableList","parameters":[{"name":"_dbId","required":true,"in":"path","schema":{"type":"string"}}],"requestBody":{"required":true,"content":{"application/json":{"schema":{"$ref":"#/components/schemas/PagingData"}}}},"responses":{"201":{"description":""}},"tags":["schedules"]}},"/schedules/saveScheduleDetails":{"post":{"operationId":"saveScheduleDetails","parameters":[],"requestBody":{"required":true,"content":{"application/json":{"schema":{"$ref":"#/components/schemas/ScheduleDetails"}}}},"responses":{"201":{"description":""}},"tags":["schedules"]}},"/schedules/getScheduleDetailsByFilter":{"post":{"operationId":"getScheduleDetailsByFilter","parameters":[],"requestBody":{"required":true,"content":{"application/json":{"schema":{"$ref":"#/components/schemas/ScheduleFilter"}}}},"responses":{"201":{"description":""}},"tags":["schedules"]}},"/schedules/deleteScheduleDetails/{_scheduleId}":{"delete":{"operationId":"deleteScheduleDetails","parameters":[{"name":"_scheduleId","required":true,"in":"path","schema":{"type":"string"}}],"responses":{"200":{"description":""}},"tags":["schedules"]}},"/schedules/getAllScheduleDetails":{"post":{"operationId":"getAllScheduleDetails","parameters":[{"name":"sortOptionsData","required":true,"in":"body","schema":{"$ref":"#/components/schemas/sortOptionsData"}}],"requestBody":{"required":true,"content":{"application/json":{"schema":{"$ref":"#/components/schemas/PagingData"}}}},"responses":{"201":{"description":""}},"tags":["schedules"]}},"/schedules/updateScheduleDetails/{_scheduleId}":{"put":{"operationId":"updateScheduleDetails","parameters":[{"name":"_scheduleId","required":true,"in":"path","schema":{"type":"string"}}],"requestBody":{"required":true,"content":{"application/json":{"schema":{"$ref":"#/components/schemas/ScheduleUpdateDetails"}}}},"responses":{"200":{"description":""}},"tags":["schedules"]}}}}