{
    "NOTIFICATION_MODULE": {
        "LOGTIME": {
            "REDMINE_INSUFFICIENT_LOGTIME": "REDMINE_INSUFFICIENT_LOGTIME",
            "BIOMETRIC_INSUFFICIENT_LOGTIME": "BIOMETRIC_INSUFFICIENT_LOGTIME",
            "REDMINE_INSUFFICIENT_LOGTIME_HIERARCHY": "REDMINE_INSUFFICIENT_LOGTIME_HIERARCHY"
        },
        "LEAVE": {
            "REQUEST_GIVEN_TO_ME": "LEAVE_REQUEST_GIVEN_TO_ME",
            "MY_APPROVED_REQUEST": "MY_APPROVED_REQUEST",
            "MY_REJECTED_REQUEST": "MY_REJECTED_REQUEST",
            "MY_STAGE_APPROVAL": "MY_STAGE_APPROVAL"
        },
        "ACCOUNT": {
            "PASSWORD_CHANGE": "PASSWORD_CHANGE",
            "RESET_PASSWORD": "RESET_PASSWORD",
            "REGISTRATION": "ACCOUNT_REGISTRATION"
        },
        "PROJECTION": {
            "INSUFFICIENT_LOGTIME_FIELDS": [
                "id",
                "isHalfDay",
                "isFullDay",
                "flawDate",
                "insufficientHours",
                "firstName",
                "kairo_user_id",
                "email"
            ],
            "LEAVE_REQUEST_FIELDS": [
                "id",
                "fromDate",
                "toDate",
                "startNoon",
                "endNoon",
                "noOfDays",
                "type",
                "leaveReason",
                "actionDueDate",
                "comments",
                "approverName",
                "email",
                "request_id",
                "isFinal",
                "current_approver_id",
                "firstName",
                "applicant_id",
                "negativeActionReason",
                "status",
                "actionStatus"
            ],
            "HIERARCHY_INFO_FIELDS": [
                "id",
                "employee_id",
                "report_to",
                "firstName",
                "email"
            ]
        },
        "NOON_TYPE": {
            "FORENOON": {
                "KEY": "FORENOON",
                "VALUE": "FN"
            },
            "AFTERNOON": {
                "KEY": "AFTERNOON",
                "VALUE": "AN"
            }
        }
    }
}