{
    "en":{
        "db_details_not_found": "Database details not found",
        "db_details_already_exist": "Database details already exist",
        "invalid_db_details": "Invalid Database Details",
        "invalid_schema": "Invalid Schema",
        "metadata_not_collected": "MetaData is not collected yet",

        "table_not_present": "{tableName} Table is not present,Please Check the DataBase details and Table Name.",
        "primary_key_not_present": "Primary Key Column List not present for {tableName} Table.",
        "column_not_present": "Column List is not present for {tableName} Table.",
        "column_not_present_child": "Column List is not Present for {childTable} Child Table.",
        "same_table": "Parent Table and Child Table should not be same.",
        "check_parent_table": "Please check {parentTable} Parent Table Present in Database or not.",
        "check_child_table": "Please check {childTable} Child Table Present in Database or not.",
        "primary_key_list_not_present": "Primary Key Column List is not Present for {parentTable} Parent Table.",
        "check_parent_table_column": "Please check {parentColumn} Primary Key column Present in {parentTable} Parent Table or not.",
        "check_child_table_column": "Please check {childColumn} column, Present in {childTable} Child Table or not.",
        "check_parameters": "Please check the parameters passed.",

        "scheduler_msg_duplicate_job": "For the given name, you have already confiugured a job! Make a new attempt.",
        "scheduler_msg_database_not_found": "Configure your database first before setting up your jobs.",
        "scheduler_msg_erlist_not_selected": "Hey ... you forgot to select the ERList table to make up.",
        "scheduler_msg_job_not_found": "You have not set up the requested job"
        
    },
    
    "ja":{
        "db_details_not_found": "データベースの詳細が見つかりません",
        "db_details_already_exist": "データベースの詳細はすでに存在します",
        "invalid_db_details": "無効なデータベースの詳細",
        "invalid_schema": "無効なスキーマ",
        "metadata_not_collected": "メタデータはまだ収集されていません",

        "table_not_present": "{tableName} テーブルが存在しません。データベースの詳細とテーブル名を確認してください。",
        "primary_key_not_present": "主キー列リストが存在しません {tableName} テーブル。",
        "column_not_present": "列リストは存在しません {tableName} テーブル。",
        "column_not_present_child": "列リストは存在しません {childTable} 子テーブル。",
        "same_table": "親テーブルと子テーブルは同じであってはなりません。",
        "check_parent_table": "チェックしてください {parentTable} 親テーブルがデータベースに存在するかどうか。",
        "check_child_table": "チェックしてください {childTable} 子テーブルがデータベースに存在するかどうか。",
        "primary_key_list_not_present": "主キー列リストが存在しません {parentTable} 親テーブル。",
        "check_parent_table_column": "チェックしてください {parentColumn} 主キー列 {parentTable} 親テーブルかどうか。",
        "check_child_table_column": "チェックしてください {childColumn} カラム、 に存在する {childTable} 子テーブルかどうか。",
        "check_parameters": "渡されたパラメーターを確認してください。",

        "scheduler_msg_duplicate_job": "与えられた名前について、あなたはすでに仕事を構想しています！ 新しい試みをしてください。",
        "scheduler_msg_database_not_found": "ジョブを構成する前に、まずデータベースを構成してください。",
        "scheduler_msg_erlist_not_selected": "ねえ...あなたが作るためにERListテーブルを選択するのを忘れた",
        "scheduler_msg_job_not_found": "要求されたジョブを設定していません"
    }
}