{"swagger":"2.0","info":{"description":"Node API Template","version":"1.0","title":"Node API Template"},"basePath":"/","tags":[],"schemes":["http","https"],"securityDefinitions":{"bearer":{"type":"apiKey","name":"Authorization","in":"header"}},"paths":{"/":{"get":{"responses":{"200":{"description":""}},"produces":["application/json"],"consumes":["application/json"]}},"/swagger-spec.json":{"get":{"responses":{"200":{"description":""}},"produces":["application/json"],"consumes":["application/json"]}},"/user/view":{"get":{"responses":{"200":{"description":""}},"tags":["user"],"produces":["application/json"],"consumes":["application/json"]}},"/admin/login":{"post":{"parameters":[{"name":"LoginDetailsDto","required":true,"in":"body","schema":{"$ref":"#/definitions/LoginDetailsDto"}}],"responses":{"201":{"description":""}},"tags":["admin"],"security":[{"bearer":[]}],"produces":["application/json"],"consumes":["application/json"]}},"/admin/logout":{"post":{"responses":{"201":{"description":""}},"tags":["admin"],"security":[{"bearer":[]}],"produces":["application/json"],"consumes":["application/json"]}},"/admin/view":{"post":{"parameters":[{"name":"ViewFilterDto","required":true,"in":"body","schema":{"$ref":"#/definitions/ViewFilterDto"}}],"responses":{"201":{"description":""}},"tags":["admin"],"produces":["application/json"],"consumes":["application/json"]}},"/admin/update/status":{"post":{"parameters":[{"name":"UpdateUserDto","required":true,"in":"body","schema":{"$ref":"#/definitions/UpdateUserDto"}}],"responses":{"201":{"description":""}},"tags":["admin"],"security":[{"bearer":[]}],"produces":["application/json"],"consumes":["application/json"]}},"/admin/revoke":{"post":{"parameters":[],"responses":{"201":{"description":""}},"tags":["admin"],"produces":["application/json"],"consumes":["application/json"]}},"/admin/delete/user":{"post":{"parameters":[],"responses":{"201":{"description":""}},"tags":["admin"],"produces":["application/json"],"consumes":["application/json"]}}},"definitions":{"LoginDetailsDto":{"type":"object","properties":{"username":{"type":"string"},"password":{"type":"string"}},"required":["username","password"]},"ViewFilterDto":{"type":"object","properties":{"searchText":{"type":"string"},"offSet":{"type":"number"},"limit":{"type":"number"},"sortColumn":{"type":"string"},"sortType":{"type":"string"}},"required":["searchText","offSet","limit","sortColumn","sortType"]},"UpdateUserDto":{"type":"object","properties":{"username":{"type":"string"},"emailId":{"type":"string"},"isActive":{"type":"boolean"},"comments":{"type":"string"}},"required":["username","emailId","isActive","comments"]}}}