{
    "defaultSeverity": "error",
    "extends": ["tslint:recommended"],
    "jsRules": {
        "no-unused-expression": false
    },
    "rules": {
        "member-access": [false],
    "ordered-imports": [false],
    "max-line-length": [true, 150],
    "member-ordering": [false],
    "interface-name": [false],
    "arrow-parens": false,
    "object-literal-sort-keys": false,
    
        "class-name": false,
        "trailing-comma": [false, {"multiline": "always", "singleline": "never"}],
        "quotemark": [false, "single"],
        "comment-format": [
            false,
            "check-space"
        ],
        "indent": [
            false,
            "spaces"
        ],
        "one-line": [
            false,
            "check-open-brace",
            "check-whitespace"
        ],
        "no-var-keyword": false,
        
        "semicolon": [
            false,
            "always",
            "ignore-bound-class-methods"
        ],
        "whitespace": [
            true,
            "check-branch",
            "check-decl",
            "check-operator",
            "check-module",
            "check-separator",
            "check-type"
        ],
        "typedef-whitespace": [
            true,
            {
                "call-signature": "nospace",
                "index-signature": "nospace",
                "parameter": "nospace",
                "property-declaration": "nospace",
                "variable-declaration": "nospace"
            },
            {
                "call-signature": "onespace",
                "index-signature": "onespace",
                "parameter": "onespace",
                "property-declaration": "onespace",
                "variable-declaration": "onespace"
            }
        ],
        "no-internal-module": false,
        "no-trailing-whitespace": false,
        "no-null-keyword": false,
        "prefer-const": false,
        "jsdoc-format": false,
    "object-shorthand": [2, "always", { "ignoreConstructors": true }]
},
    "rulesDirectory": []
}
