{"swagger":"2.0","info":{"description":"Node API Template","version":"1.0","title":"Node API Template"},"basePath":"/","tags":[],"schemes":["http","https"],"securityDefinitions":{"bearer":{"type":"apiKey","name":"Authorization","in":"header"}},"paths":{"/":{"get":{"responses":{"200":{"description":""}},"produces":["application/json"],"consumes":["application/json"]}},"/track":{"get":{"responses":{"200":{"description":""}},"produces":["application/json"],"consumes":["application/json"]}},"/users/register":{"post":{"parameters":[{"name":"CreateUserDto","required":true,"in":"body","schema":{"$ref":"#/definitions/CreateUserDto"}}],"responses":{"201":{"description":""}},"tags":["users"],"produces":["application/json"],"consumes":["application/json"]}}},"definitions":{"CreateUserDto":{"type":"object","properties":{"firstName":{"type":"string"},"lastName":{"type":"string"},"email":{"type":"string"},"password":{"type":"string"}},"required":["firstName","lastName","email","password"]}}}