{
    "projectSetup": {       
        "address": "localhost",
        "port":7007
    },
    "database": {
        "connector" : "mongodb",
        "host" : "192.168.57.68",
        "port" : "27017",
        "dbName" : "datacheckclient-version1",
        "props": {
            "useNewUrlParser" : true,
            "useFindAndModify" : false,
            "useCreateIndex": true,
            "useUnifiedTopology": true
        }
   },
    "env":"development",
    "oracleConnectivityPath": {
        "connector": "http",
        "host": "localhost",
        "port": "3050",
        "controller": "dbProcessor"
    },
    "methodPath" : {
        "connectivityMethod" : "dbCheck",
        "metadataMethod" : "getMetaData"
    },
    "excelDownloadConfig" : {
        "contentType": "application/vnd.openxmlformats-officedocument.spreadsheetml.sheet",
        "contentDisposition": "attachment; filename="
    },
    "smtpTransportSetup": {
        "pool": true,
        "host": "mail.ivtlinfoview.co.jp",
        "port": 587,
        "secure": false,
        "requireAuth": true,
        "auth": {
            "user": "logesh.s@ivtlinfoview.co.jp",
            "pass": "@*963.password"
        },
        "requireTLS": true,
        "tls": {
            "rejectUnauthorized": false
        }
    },
    "mailOptions": {
        "from": "logesh.s@ivtlinfoview.co.jp",
        "to": "chikku.g@Ivtlinfoview.co.jp",
        "subject": "Reg: Job Details"
    },
    "schedulerConfig": {
        "connector": "http",
        "host": "localhost",
        "port": "3050",
        "controller": "dbmatcher",
        "inconsistencyCheck": "checkDataInconsistency"
    },
    "tableRelationConfig": {
        "connector": "http",
        "host": "localhost",
        "port": "3050",
        "controller": "dbmatcher",
        "tableRelationBySql": "getTableRelationBySql"
    },
    "csvDownloadConfig": {
        "connector": "http",
        "host": "192.168.57.66/java",
        "controller": "dbmatcher",
        "method" : "getInconsistentData"
    }
}
