{
"en":{
    "db_config": "Environment Configuration",
    "env_version": "Environment Version",
    "oracle_host_port": "OracleHost : OraclePort",
    "sid": "sid",
    "action": "Action",
    "host": "Host",
    "results":"Results",
    "port": "Port",
    "oracle_sid": "Sid",
    "user_name": "User Name",
    "password": "Password",
    "env_name": "Environment Name",
    "env_name_error_message": "Please input the Environment Name",
    "host_error_message": "Please input the Host",
    "port_error_message": "Please input the Port",
    "username_error_message": "Please input the User Name",
    "password_error_message": "Please input the Password",
    "sid_error_message": "Please input the Sid",
    "save": "Save",
    "env_placeholder": "Enter unique Environment name",
    "username_placeholder": "Enter the user name",
    "password_placeholder": "Enter the password",
    "sid_placeholder": "E.g : cpac",
    "host_placeholder": "E.g : 192.168.41.157",
    "port_placeholder": "E.g : 1524",
    "no_data": "No data",
    "delete_confirm_message": "Are you sure to delete the Environment Details？",
    "result_comparison_title": "Result Comparison",
    "dashboard" : "Dashboard",
    "dbconfig" : "DB Config",
    "application_title" : "VerUp PDF Comparision",
    "search_header":"Find in App",
    "search_main" : "Search API JOB ID, API JOB NAME",
    "popup_title" : "BATCH PARAMS",
    "screen_title":"Job Details",
    "job_id" : "API JOB ID",
    "job_name" : "API JOB NAME",
    "ptn_code" : "API PTN CODE",
    "apiJobId":"API JOB ID",
    "apiJobName":"API JOB NAME",
    "apiPtnCode": "API JOB ID",
    "additional_param" : "ADDITIONAL PARAMS",
    "execute":"EXECUTE",
    "cancel" :"CANCEL",
    "optional" : "Optional",
    "module" : "Module",
    "module_list_all" : "ALL",
    "additional_param_hint" :"Enter comma separated values",
    "schema" : "Schema",
    "schedule" : "Schedule",
    "data_compare" : "DataCompare",
    "display_list_all" : "ALL DATA",
    "display_conflict": "CONFLICT DATA",
    "display_additional" : "ADDITIONAL ROWS",
    "back_button" : "Back",
    "page_size" : "PageSize",
    "column_setting_button" : "Column Settings",
    "grid_switch" : "GRID",
    "search_columns" : "Search Columns",
    "checkbox_select_all" : "Select All",
    "available_columns" : "Available Columns",
    "view_type":"View type",
    "display_data":"Display data",
    "download_button":"Download",
    "result_view": "Result view",
    "table": "Table",
    "json": "Json",
    "execution_time":"Execution time",
    "reset":"Reset",
    "caps_lock": "Caps Lock is ON",
    "Db_Details":"DB Details",
    "dbConfig_Table_Title": "Configuration List",
    "search":"Search",
    "add_error_message" : "Wrong connection... Check the connection value",
    "database_message" : "Database Name of '",
    "database_add_message" : "' was Added Successfully",
    "database_delete_message" : "' was Deleted Successfully",
    "job_executer" : "Job Executer",
    "database_both_check_env": "Please add V36 and V40 Environment",
    "database_36_check_env": "Please Add Version 36 Environment",
    "database_40_check_env": "Please Add Version 40 Environment",
    "env_modal_content": "Please Select the Correct Environment",
    "version_36": "Version 36",
    "version_40": "Version 40",
    "total_records":"Total No Of Records",
    "missing_records":"No of Records Missing",
    "stats":"Stats",
    "language":"Language"
},
"ja":{
    "reset":"リセット",
    "execution_time":"実行時間",
    "dashboard" : "ダッシュボード",
    "dbconfig" : "DB構成",
    "Db_Details": "DBの詳細",
    "job_executer" : "ジョブエグゼキューター",
    "application_title" :"VerUp PDFの比較",
    "search_header" : "アプリで検索",
    "search_main" : "検索APIジョブID、APIジョブ名",
    "popup_title" :"バッチパラメータ",
    "screen_title":"バッチ選択画面",
    "ptn_code" : "API PTNコード",
    "additional_param" : "追加のパラメーター",
    "execute":"実行",
    "cancel" :"キャンセル",
    "optional" : "オプショナル",
    "module_list_all" : "すべて",
    "additional_param_hint" :"コンマ区切りの値を入力してください",
    "schema" : "スキーマ",
    "schedule" : "スケジュール",
    "data_compare" : "データ比較",
    "display_list_all" : "すべてのデータ",
    "display_conflict" : "競合データ",
    "display_additional" : "追加の行",
    "back_button" : "バック",
    "page_size" : "ページサイズ",
    "column_setting_button" : "列設定",
    "grid_switch" : "グリッド",
    "search_columns" : "検索列",
    "checkbox_select_all" : "すべて選択",
    "available_columns" : "利用可能な列",
    "view_type":"表示タイプ",
    "display_data":"表示データ",
    "download_button":"ダウンロード",
    "db_config": "環境設定",
    "results": "結果",
    "env_version": "環境バージョン",
    "oracle_host_port": "Oracleホスト：Oracleポート",
    "sid": "sid",
    "action": "アクション",
    "host": "ホスト",
    "port": "港",
    "oracle_sid": "シド",
    "user_name": "ユーザー名",
    "password": "パスワード",
    "env_name": "環境名",
    "env_name_error_message": "環境名を入力してください",
    "host_error_message": "ホストを入力してください",
    "port_error_message": "ポートを入力してください",
    "username_error_message": "ユーザー名を入力してください",
    "password_error_message": "パスワードを入力してください",
    "sid_error_message": "シドを入力してください",
    "save": "セーブ",
    "env_placeholder": "一意の環境名を入力してください",
    "username_placeholder": "ユーザー名を入力してください",
    "password_placeholder": "パスワードを入力してください",
    "sid_placeholder": "例：cpac",
    "host_placeholder": "例：192.168.41.157",
    "port_placeholder": "例：1524",
    "no_data": "データなし",
    "delete_confirm_message": "環境の詳細を削除してもよろしいですか？",
    "result_comparison_title": "結果比較",
    "search" : "探す",
    "job_id": "ジョブID",
    "apiJobId":"ジョブID",
    "apiJobName":"職種名",
    "apiPtnCode": "API PTNコード",
    "job_name": "職種名",
    "percent_state": "（％）",
    "module": "モジュール",
    "back": "バック",
    "result_view": "結果ビュー",
    "table": "テーブル",
    "json": "ジョンソン",
    "caps_lock": "Caps Lockはオンです",
    "dbConfig_Table_Title": "構成リスト",
    "add_error_message" : "間違った接続...接続値を確認してください",
    "database_message" : "データベース名 '",
    "database_add_message" : "'正常に追加されました",
    "database_delete_message" : "'は正常に削除されました",
    "database_both_check_env": "V36およびV40環境を追加してください",
    "database_36_check_env": "バージョン36環境を追加してください",
    "database_40_check_env": "バージョン40環境を追加してください",
    "env_modal_content": "正しい環境を選択してください",
    "version_36": "バージョン36",
    "version_40": "バージョン40",    
    "total_records":"レコードの合計数",
    "missing_records":"レコードがありません" ,
    "stats":"統計",
    "language":"言語設定"
}
}