{
    "en" : {
        "title" : "HUE Layout Comaparison",
        "dpr_name" : "DPR NAME",
        "filter_dpr_modal": "filter DPR here",
        "select_dpr" : "DPR List",
        "list_of_forms" : "List of Forms",
        "overall" : "Overall",
        "overall_status" : "Overall Status",
        "not_started_sts" : "Not Started",
        "pending_sts" : "Pending",
        "Reviewed_sts": "Reviewed",
        "total" : "Total",
        "list_view" : "Classic View",
        "slide_view" : "Slide View",
        "dashboard" : "Back to Dashboard",
        "filter_placeholder" : "filter forms here",
        "all" : "ALL",
        "not_yet_started_cmb" : "NOT YET STARTED",
        "pending_cmb" : "PENDING",
        "reviewed_cmb" : "REVIEWED",
        "own_form" : "OWN FORM",
        "shared_form" : "SHARED FORM",
        "expand" : "Expand All",
        "collapse" : "Collapse All",
        "company_screen" : "COMPANY",
        "hue_screen" : "HUE",
        "upload_screenshot" : "click to upload screenshot",
        "comment" : "Comment",
        "form_list" : "List of Forms",
        "Name" : "Name",
        "own_dpr" : "Owner DPR",
        "status" : "Status",
        "form_layout" : "View Form Layouts",
        "select_dpr_load" : "Select DPR to Load",
        "select_dpr_load_sub" : "Please select Dpr name and click Load button",
        "dpr_not_exist" : "DPR does not exist",
        "dpr_not_exist_sub" : "Please verify the Module and DPR Name",
        "internal_error" : "Sorry! we are facing some Internal Issues",
        "internal_error_sub" : "Please check after sometime",
        "full_view" : "Click to View in fullscreen",
        "delete_screenshot" : "Click to Delete Screenshot",
        "discussion" : "Discussion",
        "status_fail" : "Status Update Failed",
        "status_success" : "Status Updated Successfully",
        "upload_fail" : "File Upload Failed",
        "upload_success" : "File Uploaded Successfully",
        "delete_fail" : "File Delete Failed",
        "delete_success" : "File Deleted Successfully",
        "image_format" : "Upload failed, please upload valid image format",
        "layout_comparison_title" : "LAYOUT COMPARISON",
        "upload_confirmation_title" : "Confirm upload for Shared Form?",
        "upload_confirmation_content_start" : "Uploading screenshot of ",
        "upload_confirmation_content_end" : " forms will change status of respective form to ",
        "version_36" : "Version-36",
        "version_40" : "Version-40",
        "tour_np_step_1" : "You can directly search and select DPR here",
        "tour_np_step_2" : "Change module here",
        "tour_np_step_3" : "Search and select from this list",
        "tour_ss_step_1" : "Choose other DPRs here",
        "tour_ss_step_2" : "Switch between classic and slideview here",
        "delete_confirmation_title" : "Delete Confirmation",
        "delete_confirmation_content" : "The deleted image can't be retrived, confirm?",
        "cancel_text" : "cancel"

    },
    "ja" : {
        "title" : "HUE レイアウト比較",
        "dpr_name" : "DPR名",
        "filter_dpr_modal": "ここでDPRをフィルター",
        "list_of_forms" : "フォームのリスト",
        "select_dpr" : "DPRリスト",
        "overall" : "全体",
        "overall_status" : "全体のステータス",
        "not_started_sts" : "始まっていない",
        "pending_sts" : "保留中",
        "Reviewed_sts": "審査",
        "total" : "合計",
        "list_view" : "クラシックビュー",
        "slide_view" : "スライドビュー",
        "dashboard" : "ダッシュボードに戻る",
        "filter_placeholder" : "ここでフォームをフィルター",
        "all" : "すべて",
        "not_yet_started_cmb" : "まだ始まっていない",
        "pending_cmb" : "保留中",
        "reviewed_cmb" : "審査",
        "own_form" : "独自のフォーム",
        "shared_form" : "共有フォーム",
        "expand" : "すべて展開",
        "collapse" : "すべて折りたたむ",
        "company_screen" : "会社",
        "hue_screen" : "HUE",
        "upload_screenshot" : "クリックしてスクリーンショットをアップロード",
        "comment" : "コメント",
        "form_list" : "フォームのリスト",
        "Name" : "名前",
        "own_dpr" : "オーナーDPR",
        "status" : "状態",
        "form_layout" : "フォームレイアウトの表示",
        "select_dpr_load" : "ロードするDPRを選択",
        "select_dpr_load_sub" : "Dpr名を選択し、[ロード]ボタンをクリックしてください",
        "dpr_not_exist" : "DPRは存在しません",
        "dpr_not_exist_sub" : "モジュールとDPR名を確認してください",
        "internal_error" : "ごめんなさい！私たちはいくつかの内部問題に直面しています",
        "internal_error_sub" : "しばらくしてからご確認ください",
        "full_view" : "クリックして全画面表示",
        "delete_screenshot" : "クリックしてスクリーンショットを削除",
        "discussion" : "討論",
        "status_fail" : "ステータスの更新に失敗しました",
        "status_success" : "ステータスが正常に更新されました",
        "upload_fail" : "ファイルのアップロードに失敗しました",
        "upload_success" : "ファイルが正常にアップロードされました",
        "delete_fail" : "ファイルの削除に失敗しました",
        "delete_success" : "ファイルが正常に削除されました",
        "image_format" : "アップロードに失敗しました。有効な画像形式をアップロードしてください",
        "layout_comparison_title" : "レイアウト比較",
        "upload_confirmation_title" : "共有フォームのアップロードを確認しますか？",
        "upload_confirmation_content_start" : "スクリーンショットをアップロードしています ",
        "upload_confirmation_content_end" : " フォームは、それぞれのフォームのステータスを ",
        "version_36" : "バージョン-36",
        "version_40" : "バージョン-40",
        "tour_np_step_1" : "ここで直接DPRを検索して選択できます",
        "tour_np_step_2" : "ここでモジュールを変更",
        "tour_np_step_3" : "このリストから検索して選択する",
        "tour_ss_step_1" : "ここで他のDPRを選択してください",
        "tour_ss_step_2" : "ここでクラシックビューとスライドビューを切り替える",
        "delete_confirmation_title" : "削除確認",
        "delete_confirmation_content" : "削除した画像を取得できません、確認しますか？",
        "cancel_text" : "キャンセル"
    }
}